sentence,hate,category
рж╢рж╛рзЯрж▓рж╛ ржПржХржЯрж╛ ржХрзБрждрзНрждрж╛рж░ ржмрж╛ржЪрзНржЪрж╛ред,1,entertainment
ржмрж╛рж▓рзЗрж░ ржирж╛рзЯржХ ржЖржорж┐ржи ржЦрж╛ржиредржЖржЗрж╕рж╛ ржорзБржнрж┐ржЯрж╛ ржЗ ржирж╕рзНржЯ ржХрж░рж▓,1,entertainment
ржХрзЛржи ржкрждрж┐рждрж╛рж▓рзЯрзЗ ржЫрж┐рж▓рзЛ ржпрзЗ рждрж╛рж░ ржмрзБржХ ржмрзЬ ржХрж░рждрзЗ рж╣ржмрзЗ ржЬржирзНржоржЧржд ржнрж╛ржмрзЗржЗ рждрзНрж░рзБржЯрж┐ ржЖржЫрзЗ ржирж╛ рж╣рж▓рзЗ ржПржоржи ржзрж╛рж░ржирж╛ ржХрзЗржи рж╣рж▓ ржпрзЗ ржмрзБржХ ржмрзЬ рж╣рж▓рзЗржЗ рждрж╛ржХрзЗ ржорж╛ржирзБрж╖ рж╕рзНржкрзЗрж╢рж╛рж▓рж┐рж╖рзНржЯ ржнрж╛ржмрзЗ ржжрзЗржЦржЫрзЗ ржмрзЗрзЯрж╛ржжржм,1,entertainment
рждрзЛржжрзЗрж░ ржорждрзЛ ржЫрж╛ржЧрж▓ ржжрж┐ржпрж╝рж╛ ржПржЗ ржмрж┐ржЪрж╛рж░ рж╣ржмрзЗ ржирж╛,1,entertainment
ржПржЗ ржмрж┐ржЪрж╛рж░ржХ ржХрзЗ рждрж╛рж░ ржмрж╛ржмрж╛ рж╢рзБржжрзНржзржнрж╛ржмрзЗ ржЬржирзНржо ржжрзЗржпрж╝ржирж┐,1,entertainment
ржмрж╛ржВрж▓рж╛ржжрзЗрж╢рж┐ ржмрж╛рж▓ржХрж╛ржорж╛ ржПржЗ ржЬржЬржжрзЗрж░ ржЬржирзНржп ржЖржЬржХрзЗ ржЖржорж╛ржжрзЗрж░ ржмрж╛ржВрж▓рж╛рж░ рж╣рж┐рж░рзЛ рж╕рж╛ржЗржоржи ржЫрж╛ржбрж╝рж╛ ржЖрж░ ржХрзЗржЙ ржирзЗржЗ ржПржЗ рж╢рж╛рж▓рж╛ ржХрзБрждрзНрждрж╛рж░ ржмрж╛ржЪрзНржЪрж╛ржжрзЗрж░ ржЬрзБрждрж╛ржкрзЗржЯрж╛ ржХрж░рж╛ рж╣рзЛржХ ржХрзЗ ржХрзЗ ржЖржорж╛рж░ рж╕рж╛ржерзЗ ржЖржЫрзЗржи рж╣рж╛ржд рждрзБрж▓рзБржи ЁЯЦРя╕П,1,entertainment
"ржмрж░рж░рзНрждржорж╛ржирзЗ ржирж╛рзЯржХ ржЧрзБрж▓рзЛ,,, рж╣рж╛рж▓рж╛рж░ржкрзЛ",1,entertainment
ржжрзБржз ржзрж░рзЗ ржЪрж┐ржк ржорж╛рж░ржмрзЛ! ЁЯдг,1,entertainment
рж╕рзЛржирж╛ рж╕рж┐рж▓рж╛ржЗ рж▓рж╛ржЗржпрж╝ ржХрж░ржЫрзЗ редржПржЗ ржЬржирзНржпрзЗржЗ ржнрж╛рж░рзНржЬрж┐ржиред,1,entertainment
ржХрзБрждрзНрждрж╛ ржмрж╛ржЪрзНржЪрж╛ ржлрж╛рж▓рждрзБ ржирж╛ржЯржХ,1,entertainment
ржХрж┐ржЫрзБ ржХрж┐ржЫрзБ ржорзЗрзЯрзЗ ржЖржЫрзЗ ржЕрждрж┐рж░рж┐ржХрзНржд ржмрж╛рж▓ ржкрж╛ржХржирж╛ржорж┐рж░ ржХрж╛рж░ржирзЗржУ ржПржЗ рж╣рж╛рж▓ рж╣рзЯ ! ржХржерж╛рзЯ ржЖржЫрзЗрж╕рзБржЦрзЗ ржерж╛ржХрждрзЗ ржнрзБрждрзЗ ржЦрж┐рж▓рж╛рзЯ|,1,entertainment
ржорзЗрзЯрзЗржжрзЗрж░ ржорж╛ржирж╕ржорзНржорж╛ржи рж╢рзЗрж╖ ржХрж░рзЗ ржжрж┐рж▓рзЛ ржорж╛ржЧрж┐ред,1,entertainment
ржПрж╕ржм ржмрж╛рж╕рзНржЯрж╛рж░рзНржб ржорзЗрзЯрзЗржжрзЗрж░ ржХрзЗ ржирж┐рзЯрзЗ ржирж┐ржЙржЬ ржирж╛ ржХрж░рзЗ ржнрж╛рж▓рзЛ ржХрзЛржирзЛ ржмрж┐рж╖рзЯ ржирж┐рзЯрзЗ ржирж┐ржЙржЬ ржХрж░рзЗржи,1,entertainment
ржоржорзЛ рждрж░рзЗ ржХрзБржУрж╛ ржжрж┐рзЯрж╛ ржЪрзБржжрж╛ржЗрж▓рзЗ рждрзБржЗ ржмрж┐ржЪрж╛рж░ржХ рж╣рждрзЗ ржкрж╛рж░ржмрж┐ред,1,entertainment
ржПржжрзЗрж░ рж╕рж╛ржоржирзЗ ржПржжрзЗрж░ ржорж╛ ржХрзЗ ржЪрзБржжрждрзЗ рж╣ржмрзЗ ржЖрж░ рж╢ржмржиржо ржлрж╛рж░рж┐рзЯрж╛ ржпрзЗ рж╕рзЗржХрзНрж╕рж┐ рж╕рж╛ржУрзЯрж╛рждрзЗ ржнржжрж╛ рждрзЗ ржорж╛рж▓ ржжрж┐рждрзЗ рж╣ржмрзЗ ржУржХрзЗ ржЪрзБржжрждрзЗ ржоржЬрж╛ рж╣ржмрзЗрз╖рз╖,1,entertainment
ржП ржорж╛ржЧрж┐рж░ ржкрзЛрж▓рж╛ рж░рж╛ ржЫржмрж┐ ржЪрж▓рзЗ ржирж╛,1,entertainment
ржирж╛?? рждрзЛрж░ ржорж╛рзЯрзЗрж░рзЗ рждрзБржЗ ржЪрзЛржж ржЦрж╛ржиржХрж┐рж░ ржкрзЛрж▓рж╛ред рждрзЛрж░ ржкрзБржЯржХрж┐рж░ ржоржзрзНржпрзЗ ржкржжрзНржорж╛ рж╕рзЗрждрзБрж░ ржкрж┐рж▓рж╛рж░ ржврзБржХрж╛ржм ржмрзЗрж╢рзНржпрж╛ ржорж╛ржЧрж┐рж░ ржЫрзЛрж▓ред рждрзЛрж░ ржЯрзЗржВрж░рж┐ ржХрзЗржЯрзЗ ржнрзЛржжрж╛ ржмрж╛ржирж╛ржмрзЛред ржЖрж░ рждрзЛрж░ ржнрзЛржжрж╛ ржжрж┐рзЯрзЗ ржУржЗ ржорж░рж╛ рж╣рзЛрж▓ ржврзБржХрж╛ржм ржмрж╛ржЗржиржЪрзЛржжред рждрзЛрж░ ржмрзЗржлрзЛржорж┐ржЯрж░рзЗ ржХрзБрждрзНрждрж╛ ржжрж┐рзЯрзЗ ржЪрзЛржжрж╛ржЗ рж╕рж╛ржЙрзЯрж╛рж░ ржмрзЗржЯрж╛ред ржпрж╛рж░рж╛ ржпрж╛рж░рж╛ ржПржХржоржд рж▓рж╛ржЗржХ ржорж╛рж░рзЛред,1,entertainment
рж╢рж╛рж▓рж╛ ржмрж╛ржВрж▓рж╛ржжрзЗрж╢рзЗрж░ ржкрж╛ржЧрж▓ ржПрж░ ржЕржнрж╛ржм ржирж╛ржЗ,1,entertainment
ржмрж╛рж▓рзЗрж░ ржкрж░рж┐ржЪрж╛рж▓ржХ,1,entertainment
рж╕рж╛ржУржпрж╝рж╛ ржЪрзБржжрж╛ ржмрж┐ржЪрж╛рж░ржХ,1,entertainment
ржЦрж╛ржиржХрж┐ ржорж╛ржЧрж┐ рждрж╛рж╣рж╕рж╛ржи ржнрж╛ржЗ ржХрзЗ рж░рзЗржЦрзЗ рждрзБржЗ ржмрзБржЗрж░рж╛ржЯрж╛рж░ ржХрж╛ржЫрзЗ ржХрж┐ ржжрзЗржЦржЫрзЛржд ржмрзБржЗрж░рж╛ржЯрж╛ рждрзЛ рждрзЛржХрзЗ ржЯрж┐ржк ржжрж┐рждрзЗ ржУ ржкрж╛рж░ржмрзЗ ржирж╛,1,entertainment
рж╕рж╛ржЙрзЯрж╛ ржорж┐ржбрж┐рзЯрж╛ЁЯШВЁЯШВЁЯШВЁЯШВЁЯШВЁЯШВЁЯШВЁЯШВЁЯШВЁЯШВЁЯШВ,1,entertainment
рж╢рж╛ржЙрзЯрж╛ ржЪрзБржжрж┐ ржХрж┐ ржХрзЯ,1,entertainment
ржнрж╛ржЗ рждрзЛрж░ ржЧрж╛ржи рж╢рзБржирзЗ ржЖржорж╛рж░ ржбрж╛ржЗрж░рж┐рзЯрж╛ рж╣рзЛрзЯрзЗ ржЧрзЗржЫрзЗ ЁЯдвЁЯдв рждрзБржЗ ржХрж╛рж░ ржХрж╛ржЫ ржерзЗржХрзЗ ржЧрж╛ржи рж╢рж┐ржХржЫржЪ ржХ ржПржХржмрж╛рж░ ?? рждрзБржЗ ржмрж╛ржЩрзНржЧрж╛рж▓рж┐рж░рзЗ ржЕржкржорж╛ржи ржХрж░ржЫржЪЁЯШдЁЯШдржХрзБрждрзНрждрж╛рж░ ржорждрзЛ ржЪрж┐рж▓рзНрж▓рж╛рж▓рзЗржЗ ржХрж┐ ржЧрж╛ржи рж╣рзЯ ржЧрж╛ржи рж╣рж▓рзЛ ржорзЛржиржХрзЗ ржЖржХрзГрж╖рзНржЯ ржХрж░рж╛рж░ ржЬрж┐ржирж┐рж╖ рждрзЛрж░ ржПржбрж╛ ржХрж┐??ЁЯШбЁЯШб,1,entertainment
рж╕ржм ржЧрзБрж▓рзЛ ржЦрж╛ржиржХрж┐редред ржПржЗ ржорж╛ржЧрж┐ ржЧрзБрж▓рзЛ ржХрзЗ ржорж┐ржбрж┐рзЯрж╛рж░ рж╕рж╛ржоржирзЗ ржЖржирзЗ ржХрзЗредред,1,entertainment
ржУржЗ ржЖржмрзБрж▓ ржорж╛рж░рзНржХрж╛ рж╣рж┐рж░рзЛржХрзЗ ржврж╛ржХрждрзЗржЗ ржоржирзЗ рж╣рзЯ ржЖржмрж╛рж▓ржЪрзЛржжрж╛ ржбрж┐рж░рзЗржХрзНржЯрж░ рж╕рзНржЯрж┐рж▓ ржЫржмрж┐ ржжрж┐рзЯрж╛ ржЧрж╛ржиржЯрж╛ рж░рж┐рж▓рж┐ржЬ ржжрж┐ржЫрзЗред ржПржЗржнрж╛ржмрзЗ рж╣рж┐рж░рзБржХрзЗ ржврж╛ржЗржХрж╛ ржЫржмрж┐ рж░рж┐рж▓рж┐ржЬ ржжрж┐ржмрзЛ..... рж╣рж╛рж╣рж╛ рж╣рж╛ ....... рж╕рзЗржЗ ржЫржмрж┐ ржЖржмрж╛рж░ рж╣рж┐ржЯ рж╣ржЗржмрзЛ???? рж╣рж╛ рж╣рж╛ рж╣рж╛,1,entertainment
ржПржЗ рж╕рж╛рж▓рж╛рзЯ ржПржХржЯрж╛ ржкрж╛ржЧрж▓ ржЫрж╛ржЧрж▓ ржирж╛рзЯрзЗржХ ржирж╛ржЗржХрж╛ржЯрж╛ ржарж┐ржХ ржЖржЫрзЗ,1,entertainment
ржбржирзЗрж░ ржорж╛рж░рзЗ ржЪрзБржжрж┐,1,entertainment
"ржХрзБржХрзБрж░рзЗрж░ ржмрж╛ржЪрзНржЪрж╛ ржзрж░рзНржо ржирж┐рзЯрж╛ ржирж╛ржЯржХ ржХрж░ржЫ ржХрзЗржи, ржорж╛ржжрж╛рж░рж╕рзБржд ржЦрж╛ржиржХрж┐ ржорж╛ржЧрзАрж░ ржкрзЛрж▓рж╛ред",1,entertainment
ржП ржорж╛ржЧрж┐ржЯрж╛рж░рзЗ ржПржХржмрж╛рж░ ржЪрзБржжрж┐ржЪрж┐ ржП ржорж╛ржЧрж┐ржЯрж╛рж░ ржжрзБржж ржЕржирзЗржХ ржнрзЬ,1,entertainment
ржжрж╛рзЬрж┐ржУрзЯрж╛рж▓рж╛ рж╢рж╛рж▓рж╛ ржЖрж╕рзНрждрзЛ ржПржХржЯрж╛ ржмрзЗрзЯрж╛ржжржмред рж╢рзЛржУрж░рзЗрж░ ржоржд ржмрзНржпржмрж╣рж╛рж░ред ржЖрж░ ржоржорзЛ ржЖрж░ ржлрж╛рж░рж┐рзЯрж╛ржХрзЗ ржЖржорж╛рж░ ржнрж╛рж▓ рж▓рж╛ржЧржд ржХрж┐ржирзНрждрзБ рждрж╛ржжрзЗрж░ ржмрзНржпрж╛ржмрж╣рж╛рж░ ржУ ржЦрж╛рж░рж╛ржкред ржорзВрж░рзНржЦрзЗрж░ ржЧрзЛрж╖рзНржарзАред ржЖржорж╛рж░ ржоржирзЗ рж╣рзЯ ржмрж┐ржЪрж╛рж░ржХрж░рж╛ ржЕрж╢рж┐ржХрзНрж╖рж┐ржд ржмрж░рзНржмрж░ ржирж┐ржорзНржирж╢рзНрж░рзЗржгрзА ржмрж╕рзНрждрж┐ ржерзЗржХрзЗ ржЙржарзЗ ржЖрж╕рж╛ ржирж░рзНржжржорж╛рж░ ржХрзАржЯред,1,entertainment
ржмрж┐ржЪрж╛рж░ржХ ржмрж╛ржирж╛рзЯржЫрзЗ ржХрзЗржбрж╛ ржПржЗржЧрзБрж▓рж╛рж░рзЗ ржЬрзАржмржирзЗ ржЕржирзЗржХ ржЖржмрж╛рж▓ ржжрзЗржХржЫрж┐ ржПржоржи ржЖржмрж╛рж▓ ржжрзЗржЦрж┐ ржирж╛ржЗ,1,entertainment
ржПржЗ ржорж╛ржЧрзАржХрзЗредржЬрзБрждрж╛ ржжрж┐рзЯрж╛ ржкрж╛ржарж╛ржирзЛрж░ ржжрж░ржХрж╛рж░ ржирж┐рж▓ржЬрзНржЬрж╛ рж╢рж╛рж▓рзА,1,entertainment
ржмрж╛рж▓рзЗрж░ ржирж╛рзЯржХ... ржмрж╛рж▓рзЗрж░ ржЫржмрж┐... ржмрж╛рж▓рзЗрж░ ржкрж░рж┐ржЪрж╛рж▓ржХ... ржмрж╛рж▓рзЗрж░ ржЕржнрж┐ржирзЯ..,1,entertainment
ржПржЗ рж╕рж╛рж▓рж┐рж░ ржорж╛рж░рзЗ ржЪрзБржжрж╛ржУ,1,entertainment
ржПржЗ рж╕ржорж╕рзНржд ржорж╛ржЧрж┐рж░ ржПрж░ржХржо ржЗ рж╣ржУрзЯрж╛ ржЙржЪрж┐ржд,1,entertainment
рж╕рж╛ржирж╛ржЗ ржжрзБржз рж░ржкрзНрждрж╛ржирж┐ ржХрж░рзЗ ржкржЫрзБрж░ ржмрзИржжрзЗрж╢рж┐ржХ ржорзБржжрзНрж░рж╛ ржЕржЬржи ржХрж░рждрзЗ ржкрж╛рж░ржмрзЗ,1,entertainment
рж╢ржмржиржо ржлрж╛рж░рж┐рзЯрж╛ ржПржХржЯрж╛ ржЖрж░ ржУрж░ ржкрж╛рж╢рзЗрж░ ржЯрж╛ ржУржЗ ржЦрж╛ржиржХрж┐рж░ ржкрзЛрж▓рж╛рж░ ржирж╛ржо ржХрж┐ ржорж╛ржжрж╛рж░ржЪрзЛржж ржПржХржЯрж╛,1,entertainment
ржХрзБрждрзНрждрж╛рж░ ржмрж╛ржЪрзНржЪрж╛ ржорждржи ржмрзНржпржмрж╣рж╛рж░,1,entertainment
ржХрзБрждрзНрждрж╛рж░ ржмрж╛ржЪрзНржЪрж╛ рж╕ржм ржЧрзБрж▓рж╛редржУржжрзЗрж░ рждрзЛ ржжрзЗржЦрж╛ ржпрж╛рзЯ ржХрзБрждрзНрждрждрж╛рж░ ржорждредржирж┐ржЬрзЗрж░ ржпрзЛржЧрзНржпрждрж╛ ржмрж┐ржЪрж╛рж░ ржирж╛ ржХрж░рзЗ ржЖрж╕ржЫрзЗ ржЕржирзНржпрзЗрж░ ржпрзЛржЧрзНржпрждрж╛ ржмрж┐ржЪрж╛рж░ ржХрж░рждрзЗредржкрзЗрж▓рзЗ ржЬрзБрждрж╛ ржжрж┐рзЯрзЗ ржкрж┐ржЯрж╛ржЗ ржжрж┐рждрж╛ржо рж╕рж╛рж▓рж╛ржЧрзЛредржлрж╛рж▓рждрзБрж░рж╛,1,entertainment
ржПржЗрж╕ржм ржЦрж╛ржиржХрж┐ ржжрзЗрж░ ржХрж╛рж░ржирзЗржЗ ржжрзЗрж╢рзЗрж░ ржЖржЬ ржПржЗ ржЕржмрж╕рзНржерж╛ ржпрзЗржоржи рж╢рж┐рж▓рзНржкрзА рждрзЗржоржи ржЙржк рж╕рзНржерж╛ржкржХ ржЯрж╛ржХрж╛рж░ ржмрж┐ржирж┐ржорзЯрзЗ ржиржЧрзНржи рж╣ржУрзЯрж╛рж░ ржХржерж╛ ржмрж▓рзЗ рж╣рж╛рзЯрж░рзЗ ржЕржирзБрж╖рзНржЯрж╛ржи,1,entertainment
ржорж╛ржжрж╛рж░ ржЯрзЛрж╕рзНржЯ ржмрж┐ржЪрж╛рж░ржХ ржЧрзБрж▓рзЛ,1,entertainment
ржХрзБрждрзНрждрж╛рж░ ржмрж╛ржЪрзНржЪрж╛ рж╣рж┐рж░ржирзАржи ржЦрзЛрж░ ржжрзЗрж░ ржмрж┐ржЪрж╛рж░ржХ ржХрзЗ ржмрж╛ржирж╛ржЗржЫрзЗ рж╕рзЗ ржЪрзБрждрж┐рзЯрж╛,1,entertainment
рждрж░рзЗ ржЖржорж┐ ржПржХржмрж╛рж░ ржЪрзБржжрждрзЗ ржЪрж╛ржЗ,1,entertainment
ржЬржпрж╝ ржмрж╛ржЗ ржЖржкржирж╛рж░ рж╕ржм рж╕рзЛ ржЖржорж┐ ржжрзЗржЦрж┐ ржЖржкржирж┐ ржПрж░ржХржо ржПржХржЯрж╛ ржкрждрж┐рждрж╛рж░ ржЗржирзНржЯрж╛рж░ржнрж┐ржЙ ржирж┐ржЪрзНржЫрзЗржи,1,entertainment
ржП ржЗ ржжрзБржЗ рж╣рзЗржирзНржбрж╛ ржорж╛рж░рж╛ржирж┐ рж░рзЗ рж╕рзНржЯрзЗржЬрзЗ ржкрж╛рж▓рж╛ржЗ рж╕ржмрж╛рж░ рж╕рж╛ржоржирзЗ ржЪрзЛржжрж╛рж░ ржжрж░ржХрж╛рж░ ржЫрж┐рж▓редржЖрж░ ржпрзЗ ржжрзБржЗ ржЖржмрж╛рж▓ ржЖржЫрзЗ ржЖржорж┐ рж╣ржЗрж▓рзЗ рждрзЛ рж╕рзНржЯрзЗржЬрзЗ ржЧрж╛рж▓рзЗрж░ ржоржзрзНржпрзЗ ржЪрзЛрзЬ ржмрж╕рж╛ржЗ ржжрж┐рждрж╛ржо рж╕ржмрж╛рж░ рж╕рж╛ржоржирзЗред рж╕ржмржЪрзЗржпрж╝рзЗ ржмрзЬрзЛ ржХржерж╛ рж╣рж▓рзЛ ржпрзЗ рж╣рзЗржирзНржбрж╛ ржорж╛рж░рж╛ржирж┐ ржЧрзЛрж░рзЗ ржжрзЗржЦрж┐ ржЖрж░ ржмрж┐ржЫрж╛ ржЦрж╛рзЬрж╛ржЗ ржЧрзЗржЫрзЗ ржПржЦрзЛржирж┐ ржЖржмрж╛рж▓ ржП рж░ ржорж╛рж░рзЗ ржЪрзБржжрж┐ ржорж╛ржЧрж┐ ржЧрзЛрж░рзЗ рж╕рзНржЯрзЗржЬрзЗ ржЪрзБржжрж┐,1,entertainment
ржкрж░рж┐ ржкрж░рж┐ рждрзБржЗ рж╕ржмрж╛ржЗ ржХрзЗ ржнрж╛рж▓ ржХрж░рзЗ ржЪрзБржжрждрзЗ ржжрж┐ржмрж┐ рж░рзЗ,1,entertainment
ржорзЛржорзЛ рждрж░рзЗ рждрж░рзЗ ржЖржорж┐ ржмрж┐ржирж╛ ржкрзЯрж╕рж╛рзЯ ржЖржорж┐ ржЪрзБржжрзБржо ржирж╛ ржЖрж░ ржпрзЗ ржжрзБржЗ ржорж╛ржжрж╛рж░ ржЪрзБржжрзЗ ржмрж┐ржЪрж╛рж░ржХ рж╣рзЯрзЗржЫрзЗ рждрж╛ржжрзЗрж░ ржерзЗржХрзЗ ржмрж╛ржЬрж╛рж░рзЗрж░ ржХрзБрждрзНрждрж╛ржУ рж╕рзБржирзНржжрж░,1,entertainment
ржХрзБрждрзНрждрж╛рж░ ржмрж╛ржЪрзНржЪрж╛ ржбржи рждрж░рзЗ рж╕рж╛ржоржирзЗ ржкрж╛ржЗрж▓рзЗ ржХрзБрждрзНрждрж╛рж░ ржоржд ржкрзЗржЯрж╛ржмрзЛ ред<br />ржмржЧрзБржбрж╝рж╛ржпрж╝ ржЬрзЗрж▓рж╛ ржХрж▓ржЩрзНржХрж┐ржд ржЦрж▓ржирж╛ржпрж╝ржХ ржЖрж╢рж░рж╛ржлрзБрж▓ ржЗрж╕рж▓рж╛ржо ржбржи ржЬрж╛рждрзАржпрж╝ ржХрзБрж▓рж╛ржЩрзНржЧрж╛рж░ ржЬржирзНржоржЯрж╛ рж╣ржпрж╝рзЗржЫрзЗ рж╕ржорж╛ржЬрзЗрж░ ржирж┐ржХрзГрж╖рзНржЯ ржжрзГрж╢рзНржпржкржЯрзЗ ржПржЗ ржШрж╛рждржХ ржирж┐ржоржХ рж╣рж╛рж░рж╛ржо ржирж╛ржпрж╝ржХ рж╕рж╛рж▓ржорж╛ржи рж╢рж╛рж╣ рж╣рждрзНржпрж╛ржХрж╛ржирзНржбрзЗрж░ рж╕рж╛ржерзЗ ржЬржбрж╝рж┐ржд ред ржПржЗ ржХрзБрждрзНрждрж╛рж░ ржмрж╛ржЪрзНржЪрж╛ ржХрзЗ ржжрзЗржЦрж▓рзЗ ржЧрж╛ ржЬрзНржмрж▓рзЗ ржЙржарзЗ ...<br />рж╢рзБржпрж╝рзЛрж░рзЗрж░ ржмрж╛ржЪрзНржЪрж╛ ржХрзБрж▓рж╛ржЩрзНржЧрж╛рж░ ржЬрж╛рж░ржЬ ржЦрж╛ржиржХрж┐рж░ ржкрзЛрж▓рж╛ ржбржи ред,1,entertainment
ржПржЗржЧрзБрж▓рж╛рж░ ржорждрзЛ ржмрж╕рзНрждрж┐ ржмрж┐ржЪрж╛рж░ржХ рж╣рж▓рзЗ ржмрж╛рж▓рзЗрж░ ржирж╛рзЯржХ ржмрзЗрж░ рж╣ржмрзЗЁЯЦХржХрж╛рж░рзЛ рж╕рж╛ржерзЗ ржХрзА ржнрж╛ржмрзЗ ржмрзНржпржмрж╣рж╛рж░ ржХрж░рждрзЗ ржЬрж╛ржирзЗ ржирж╛ ржПрж░рж╛ ржХрж┐ ржмрж╛рж▓рзЗрж░ ржорж╛рж╕рзБржж рж░рж╛ржирж╛ ржмрзЗрж░ ржХрж░ржмрзЗ,1,entertainment
рж╕рж╛рж▓рж┐ ржПржХржЯрж╛ ржорж╛ржирж╕рж┐ржЧрж░рзБржЧрж┐,1,entertainment
ржнрзБржжрж╛ржЗ,1,entertainment
ржПржЗ ржорж╛ржЧрж┐ржЗ рж░рзЗ ржврж╛ржХрж╛ рждрзЗржи рж╕рж░рж╛ржи ржЦрж╛ржи ржХрж┐ржЗ ржХрзБрждрж╛рж░ ржмрж╛ржЪржЪрж╛,1,entertainment
ржПржЗ ржЦрж╛ржиржХрж┐рж░ ржЫрзЗрж▓рзЗржХрзЗ ржПржЦржи ржкрж░рзНржпржирзНржд ржХрзЗржЙ ржорж╛рж░рзЗ ржирж╛ржЗ ржЖржорж┐ ржР ржЦрж╛ржирзЗ ржерж╛ржХрж▓рзЗрждрзЛ ржЦрж╛ржиржХрж┐рж░ ржЫрзЗрж▓рзЗржХрзЗ ржирж╛ ржорзЗрж░рзЗ ржмрзЗрж░ рж╣рждрж╛ржо ржирж╛ ЁЯШбЁЯШбЁЯШбЁЯШбЁЯШбЁЯдмЁЯдмЁЯдмЁЯдмЁЯШб,1,entertainment
рж╢рж╛рж▓рж╛ ржЪрж╛ржЧрж▓рзЗ ржжрж▓ ржХрж┐ ржмрж▓ржмрзЛ,1,entertainment
ржЧрж╛ржиржЯрж╛ ржПрждржжрж┐ржи рж╢рзБржирждрж╛ржо ржХрж┐ржирзНрждрзБ ржЬрж╛ржирждрж╛ржо ржирж╛ ржПржЗржЯрж╛ ржЖржмрж╛рж▓ ржЪрзБржжрж╛рж░ ржорзБржнрж┐рж░ ржЧрж╛ржи<br />рж╣рзГржжрзЯ ржЦрж╛ржи ржПржЗ ржЖржмрж╛рж░ ржЪрзБржжрж╛рж░ ржорзБржнрж┐рждрзЗ ржЧрж╛ржиржЯрж╛ ржжрж┐рзЯрзЗ ржнрзБрж▓ ржХрж░ржЫрзЗ<br />ржЧрж╛ржиржЯрж╛ ржЪрзБржжрзЗ ржжрж┐рзЯрзЗржЫрзЗ,1,entertainment
ржмрж┐ржЪрж╛рж░ржХ рж░рзЗ ржЬрзБрждрж╛ ржорж╛рж░ ржХржерж╛ ржарж┐ржХржорждрзЛ ржмрж▓рждрзЗ ржкрж╛рж░рзЗ ржирж╛ ржкрзНрж░рждрж┐ржпрзЗрж╛ржЧрзАрж░ рж╕рж╛ржерзЗ,1,entertainment
ржЪрзНржпрж╛ржирзЗрж▓ ржЖржЗржпрж╝рзЗрж░ ржорж╛ржпрж╝рзЗрж░рзЗржЪрзБржжрж┐ред ржмрж╛рж▓рзЗрж░ ржЬрж╛ржЬ ржирж┐ржпрж╝рзЗржЫрзЛред ржЖржорж░рж╛ ржЪрж┐ржирж┐ ржирж╛ред ржнрж╛ржм ржирзЗрзЯ ржПржоржи ржпрзЗ рж╕рзЗржкрзГржерж┐ржмрзАрж░ рж╕рзБржкрж╛рж░ рж╕рзНржЯрж╛рж░ ржЖржмрж╛рж▓рзЗрж░ ржжрж▓,1,entertainment
ржмрж┐ржЪрж╛рж░ржХ ржирж╛ ржорж╛ржжрж╛рж░ржЪрзБржж,1,entertainment
ржнрж╛ржЗ ржЖржкрзБ ржХрзЯржмрж╛рж░ ржЪрзБржжрзЗ ржкрж╛ржЧрж┐рзЯрзЗ ржкрзЗрж▓ржЫрзЗржи,1,entertainment
ржорж╛ржЧрзА рж░рзЗ ржЪрзБржЗржжрж╛,1,entertainment
ржЖржорж╛ржжрзЗрж░ ржмрзНрж░рж╛ржорзНржоржиржмрж╛рзЬрж┐рзЯрж╛рж░ ржорждрзЛ ржнрж╛рж╖рж╛ рж╣рж╛ рж╣рж╛ рж╣рж╛ ржЪрзБрждржорж╛рж░рж╛ржирж┐рж░ ржорж╛ржЧрж┐,1,entertainment
ржПржХржЯрж┐ ржЫрзЗрж▓рзЗ ржмрж┐рзЯрзЗ ржХрж░ржмрзЗ ржХрж┐ржирзНрждрзБ рждрж╛рж░ ржХржерж╛ рж╣рж▓рзЛ ржнрж╛рж░рзНржЬрж┐ржи ржорзЗрзЯрзЗ рж╣рждрзЗ рж╣ржмрзЗ рждрж╛ржЗ ржпрзЗржЦрж╛ржирзЗржЗ ржорзЗрзЯрзЗ ржжрзЗржЦрждрзЗ ржпрж╛рзЯ рж╕рзЗржЦрж╛ржирзЗржЗ рждрж╛рж░ ржХржерж╛ ржерж╛ржХрзЗ ржорзЗрзЯрзЗрж░ рж╕рж╛ржерзЗ рж╕рзЗ ржПржХрж╛ржирзНржд ржнрж╛ржмрзЗ ржХржерж╛ ржмрж▓рждрзЗ рж╣ржмрзЗ ржХрж┐ржирзНрждрзБ ржпржЦржиржЗ ржорзЗрзЯрзЗрж░ рж╕рж╛ржерзЗ ржХржерж╛ рж╣рзЯ рждржЦржиржЗ ржмрж┐рзЯрзЗ ржнрзЗржВржЩрзНржЧрзЗ ржпрж╛рзЯ ржпрж╛ржЗ рж╣рзЛржХ ржПржнрж╛ржмрзЗ ржЕржирзЗржХ ржорзЗ ржжрзЗржЦрж╛рж░ ржкрж░рзЗ ржПржХ ржпрж╛рзЯржЧрж╛рзЯ ржорзЗрзЯрзЗ ржжрзЗржЦрждрзЗ ржЧрзЗрж▓ рждрж╛рж░ ржкрж░рзЗ ржорзЗрзЯрзЗ ржЯрж┐ржХрж┐ ржЫрзЗрж▓рзЗржЯрж┐ ржПржХржЯрж┐ рж░рзБржорзЗ ржирж┐рзЯрзЗ ржЫрзЗрж▓рзЗржЯрж┐рж░ ржкрзНржпрж╛ржирзНржЯрзЗрж░ ржЪрзЗржЗржи ржЦрзБрж▓рзЗ ржжрзЗржЦрж╛рж▓ ржЖрж░ ржмрж▓рж▓ рждрзБржорж┐ ржмрж▓рждрзЗ ржкрж╛рж░ ржЖржорж╛рж░ ржПржЯрж╛ ржХрж┐ ржорзЗрзЯрзЗржЯрж┐ ржЪрж╛рж▓рж╛ржХ ржЫрж┐рж▓ ржПржмржВ рж╕рзЗ ржЖржЧрзЗрж░ ржорзЗрзЯрзЗржжрзЗрж░ ржХрж╛ржЫ ржерзЗржХрзЗ ржПржХржерж╛ ржпрзЗржирзЗ ржЫрзЗ ржпрзЗ рждрж╛ржжрзЗрж░ рж╕рж╛ржерзЗ ржХрж┐ ржХрж╛рж░ржирзЗ ржмрж┐рзЯрзЗ рж╣рзЯ ржирж╛ржЗ рждрж╛ржЗ рж╕рзЗ ржмрж▓рж▓ рж╣рзНржпрж╛ ржПржмрж╛рж░ ржЫрзЗрж▓рзЗржЯрж┐ ржЬрж┐ржЧрзНржЧрзЗрж╕ ржХрж░рж▓ рждрж╛рж╣рж▓рзЗ ржмрж▓рждрзЛ ржПржЯрж╛ ржХрж┐? ржорзЗрзЯрзЗ ржЯрж┐ рж▓рж╛ржЬрзБржХ ржнрж╛ржмрзЗ ржмрж▓рж▓ ржУржЯрж╛ рждрзЛ ржирзБржирзБредржПржмрж╛рж░ ржЫрзЗрж▓рзЗржЯрж┐ ржЦрзБрж╢рж┐ рж╣рж▓ ржХрж╛рж░ржи ржЖржЧрзЗрж░ ржорзЗрзЯрзЗрж░рж╛ ржХрзЗрж╣ ржмрж▓ржЫрж┐рж▓ ржнрж╛рж░рж╛ ржХрзЗрж╣ ржмрж▓ржЫрж┐рж▓ рж▓рж┐ржВржЧ ржХрзЗрж╣ ржзрзЛржи рждрж╛ржЗ ржЫрзЗрж▓рзЗржЯрж┐ ржмрзБржЭ ржЫрж┐рж▓ ржпрзЗ ржПрж░рж╛ ржпржЦржи ржЪрж┐ржирзЗржЫрзЗ рждрж╛рж╣рж▓рзЗ рждрж╛рж░рж╛ ржнрж╛рж░рзНржЬрж┐ржи ржирж╛редржПржмрж╛рж░ ржмрж┐рзЯрзЗ рж╣рж▓ ржмрж╛рж╕рж░ рж░рж╛рждрзЗ ржЫрзЗрж▓рзЗржЯрж┐ рждрж╛рж░ ржмржЙрзЯрзЗрж░ ржХрж╛ржЫрзЗ ржЧрзЗрж▓ ржХрж┐ржирзНрждрзБ ржЧрж┐рзЯрзЗ ржжрзЗржЦрзЗ рж╕рзЗржд рж╕рж╛ржирж┐рж▓рж╛рзЯржи ржПржмрж╛рж░ ржЫрзЗрж▓рзЗржд ржЕржнрж╛ржХ рж╕рзЗ рждрж╛рж░ ржмржЙржХрзЗ ржЬрж┐ржЧрзНржЧрж╛рж╕ ржХрж░рж▓ ржХрж┐рж░рзЗ рждрзЛржорж╛рж░ ржкрж╛рж▓рж╛ржХрж┐ рждрзБржорж┐рждрзЛ рж╕рзЗржжрж┐ржи ржЖржорж╛рж░ ржУржЯрж╛ ржжрзЗржЦрзЗ ржирзБржирзБ ржмрж▓рж▓рж╛ ржЖржорж┐ржХрзЛ ржоржирзЗ ржХрж░рзЗржЫрж┐рж▓рж╛ ржпрзЗ рждрзБржорж┐ ржХржЦржирзЛржЗ ржмрзЬ ржорж╛ржирж╕рзЗрж░рждрж╛ ржжрзЗржЦржирж╛ржЗ рждрж╛ржЗ ржирзБржирзБ ржмрж▓ржЫ ржЖрж░ рждрзБржорж┐ рж╕рждрж┐ ржЖржЫредржПржмрж╛рж░ ржорзЗрзЯрзЗржЯрж┐ рж╣рзЗрж╕рзЗ ржЙрждрзНрждрж░ ржжрж┐рж▓ ржЖрзЗрзЗ ржмрзЛржХрж╛ ржПрждржжрж┐ржи ржЖржорж┐ ржпрж╛ржжрзЗрж░рждрж╛ ржжрзЗржЦрзЗржЫрж┐ рждрж╛ржжрзЗрж░ ржХрж╛рж░ рждрзБрж▓ржирж╛рзЯ рждрзЛржорж╛рж░ рждрж╛ ржирзБржирзБредрждрж╛ржЗ рж╕рзГржЬрж┐ржд ржжрж╛ржжрж╛ ржПрждрзЛржжрж┐ржи ржпрж╛ржжрзЗрж░ рждрж╛ ржжрзЗржЦрзЗржЫрзЗ рждрж╛ржжрзЗрж░ рждрзБрж▓ржирж╛рзЯ ржорж┐ржерж┐рж▓рж╛ ржнрж╛рж░рзНржЬрж┐ржиредЁЯШБЁЯШБЁЯШБЁЯШБЁЯШБЁЯШБЁЯШРЁЯШРЁЯШВЁЯШВЁЯШВЁЯШВЁЯШВЁЯШВЁЯШВЁЯШВЁЯШВ,1,entertainment
ржирж╛рзЯрж┐ржХрж╛рж░рзЗ рждрзЛ рж╣рж┐ржЬрж░рж╛рж░ ржоржд ржжрзЗржЦрж╛ ржпрж╛рзЯ<br />ржкрзБрж░рж╛ржЗ ржорзЯржжрж╛,1,entertainment
ржмрзЗржЯржХрж╛ржЗрзЯрж╛ рж▓рж╛ржн ржирж╛ржЗ ржУрж░рж╛ рж╣ржЗрж▓ ржЧрж░рзБрж░ ржжрж╛рж▓рж╛рж▓ред,1,entertainment
ржЖржорж┐ ржмрзБржЭрждрзЗ ржкрж╛рж░рж┐ржирж╛ тАЬржкрж╛рж╣рж╛рзЬрж┐ ржжрзБржз ржУрзЯрж╛рж▓рж╛ ржжрж┐ржжрж┐ рж╣рж╛ржЯрзЗ ржХрзА ржнрж╛ржмрзЗ,1,entertainment
ржПржЗрж╕ржм ржмрж╛рж▓ржЪрж╛рж▓ ржЧрзНрж░рзБржорж┐ржВ ржЖрж░ рж░тАНрзНржпржорзНржк ржХрж┐ржЫрзБржЗ ржХрж╛ржЬрзЗ рж▓рж╛ржЧржмрзЗ ржирж╛ ржпржжрж┐ ржнрж╛рж▓ ржЕржнрж┐ржиржпрж╝ ржирж╛ ржкрж╛рж░рзЗред рждрж╛ржЗ рждрж╛ржжрзЗрж░ ржЕржнрж┐ржиржпрж╝рзЗрж░ ржжржХрзНрж╖рждрж╛ ржмрж╛рж░ржмрж╛рж░ ржирзЗрзЯрж╛ ржЙржЪрж┐рждред,1,entertainment
ржлрж╛рж▓рждрзБ ржерзБ ржерзБ ржжрж┐рж▓рж╛ржо рждрзБрж░ ржорзБржЦрзЗ,1,entertainment
ржЖржорж┐ ржРржЦрж╛ржирзЗ ржерж╛ржХрж▓рзЗ ржУржЗ рж╢рж╛рж▓рж╛ ржорж╛ржЧрж┐рж░ ржЙржкрж░ рж╕рзНржпрж╛ржирзНржбрзЗрж▓ ржЪрж░ ржорж╛рж░рждрж╛ржо,1,entertainment
рж╕ржм ржЪрзЛрждржорж╛рж░рж╛ ржорж╛рж░ржХрж╛ рж╢рзЛ,1,entertainment
ржмрзБрж░рж┐ ржкрзБржирж┐ржорж╛рж░ ржнрзЛржжрж╛ ржЪрж╛ржЯрж╛ржорзБ ржХрзБржХрзБрж░ ржжрж┐рзЯрж╛,1,entertainment
ржЖржорж╛ржжрзЗрж░ ржПржЗ ржжрж╛ржБрзЬрж┐ ржнрж░рж╛ ржмрж┐ржЪрж╛рж░ржХ ржнрзЗрзЬрж┐ ржХрзБрж▓! рж╕рзЗ ржкрзНрж░рж╛ржкрзНржд ржмрзЯрж╖рзНржХ ржорж╛ржжрж┐ ржХрзЗ рж╕рж╛рж░рж╛ ржорж╛рж╕ ржЪрзБржжрж▓рзЗржУ ржкрзНрж░рзЗржЧрзНржирзЗржирзНржЯ рж╣рзЯрж╛рж░ ржнрзЯ ржерж╛ржХрзЗ ржирж╛ ржорж╛ржжрж╛рж░ржлрж╛ржХрж┐ржВ ржХрзБрж▓!,1,entertainment
ржП ржЦрж╛ржиржХрж┐рж░ ржмрж╛ржЪрзНржЪрж╛рж░рзЗ ржХрж┐ ржжрзЗржЦрзЗ ржХрзНржпрж╛ржорзЗрж░рж╛ рж╕рж╛ржоржирзЗ ржирзЗрзЯ ржПрж░рзЗ ржЪрзБржжрзЗ ржХржЗ,1,entertainment
ржПржЗ ржмрзЗрж╢рзНржпрж╛ржорж╛ржЧрж┐рж░ рж▓ржЬрзНржЬрж╛ ржмрж▓рждрзЗ ржХрж┐ржЫрзБржЗ ржирзЗржЗ ржорж╛ржЧрж┐рж░рзЗ ржзржЗрж░рж╛ ржжрзБржз ржжрзБржЗржЯрж╛ ржмрзНрж▓рзЗржб ржжрж┐рзЯрж╛ ржХрзБржЪрж┐ржХрзБржЪрж┐ ржХржЗрж░рж╛ ржХрж╛ржЗржЯрж╛ ржХрж╛ржЪрж╛ ржорж░рж┐ржЪ ржмрж╛ржЗржЯрж╛ ржбрзЛрж▓рзЗ ржжрж┐рж▓рзЗржЗ ржЖрж░ ржПржЗ ржзрж░ржирзЗрж░ ржХржерж╛ ржмрж▓ржмрзЗржирж╛,1,entertainment
ржорж╛ржжрж╛ржЪрзБржд ржорж╛ржЧрж┐рж░ ржкрзБрж▓рж╛,1,entertainment
ржЖрж▓рзНрж▓рж╛рж╣рж░ ржЧржЬржм ржпрзЗ ржХржд ржкрзНрж░ржХрж╛рж░ ржУ ржХрж┐ ржХрж┐ ржПржЗржЯрж╛ ржоржирзЗ рж╣рзЯрзЗ ржПржЗ ржЦрж╛ржиржХрж┐ ржорж╛ржЧрзА ржЬрж╛ржирзЗ ржирж╛ рж╣рзЗржЗрж░ ржмрзНрж░рзЗрж╕рзНржЯрзЗрж░ ржЙржкрж░ ржЖрж▓рзНрж▓рж╛рж╣рж░ ржЧржЬржм ржЦрзБржм рждрж╛рж░рж╛рждрж╛рж░рж┐ ржкрж░ржмрзЗ ржЗржирж╢рж╛ржЖрж▓рзНрж▓рж╛рж╣ ржЖржкржирж╛рж░рж╛ ржжрзЗржЦрзЗ ржирж┐рзЯрзЗржиред ржПржоржи ржкржЪржирзЗрж░ рж╕рзГрж╖рзНржЯрж┐ рж╣ржмрзЗ рж╣рзЗржЗрж░ ржмрзНрж░рзЗрж╕рзНржЯрзЗ ржпрж╛ ржХрж┐ржирж╛ рж╣рзЗржЗ ржирж┐ржЪрждрж▓рж╛ ржЪрж┐рж░ржжрж┐ржирзЗрж░ ржЬржирзНржп ржнрж╛рзЬрж╛ ржжрж┐рзЯрж╛ ржмрж╛ ржШржирзНржЯрж╛ ржЪрзБржжрж╛рзЯрж╛ржУ ржпрзЗ ржЯрж╛ржХрж╛ ржкрж╛ржмрзЗ ржПржЗ ржЯрж╛ржХрж╛ ржжрж┐рзЯрзЗ ржПржЗ ржкржБржЪржирзЗрж░ ржФрж╖ржз ржХрзЗржирж╛ рж╢рзЗрж╖ рж╣ржмрзЗ ржирж╛редред ржЙржкрж░рзЗ ржПржХ ржЖрж▓рзНрж▓рж╛рж╣рзН ржЖржЫрзЗ ржЖрж▓рзНрж▓рж╛рж╣рзН ржУ ржЖрж▓рзНрж▓рж╛рж╣рзН ржПржЗ ржЦрж╛ржиржХрж┐рж░ ржЙржкрж░ рждрзБржорж┐ ржЧржЬржм ржирж╛ржЬрж┐рж▓ ржХрж░ ржпрж╛рждрзЗ ржЖржорж┐ ржПржЗ ржЧржЬржмрзЗрж░ ржЖрж▓рж╛ржоржд ржжрзЗржЗржЦрж╛ ржорж░рждрзЗ ржкрж╛рж░рж┐ред рж╕ржорж╛ржЬржХрзЗ ржЖрж▓рзНрж▓рж╛рж╣рзН рждрзБржорж┐ рж░ржХрзНрж╖рж╛ ржХрж░ ржПржЗрж╕ржм ржмрж┐рж╖рж╛ржХрзНржд рж╕рж╛ржк ржерзЗржХрзЗред,1,entertainment
ржЖржкржирж╛рж░ ржжрзБржж ржзрж░рзЗ ржЯрж┐ржк ржжрзЗржУрзЯрж╛ ржЙржЪрж┐рзО ЁЯШВЁЯШВЁЯШВ,1,entertainment
ржжрзБржзрзЗрж░ ржмрж╛рж╣рж╛рж░ ржмрзБржжрж╛ржЯрж╛ ржХрзЗржоржи,1,entertainment
ржЖрж╢рзНржЪрж░рзНржп ржЖржкржирж┐ ржХрж┐ржнрж╛ржмрзЗ ржПржоржи ржкрждрж┐рждрж╛ржХржХрзЗ ржоржбрзЗрж▓ ржмрж▓рзЗржиред,1,entertainment
ржмрж╛рж▓рзЗрж░ рж╣рж┐рж░рзЛ рж╕ржм ржХрзЯржЯрж╛ ржмрж╛ржжрж░ ржорзБржЦрзЛ,1,entertainment
ржПржЗ ржоржЬрж╛рж░ ржЯрж┐ржнрж┐рж░ ржнрзБржжрж╛рж░ ржкрзБрж▓рж╛ржкрж╛рз╖ рж╣рзБржи ржмрж╛ржВрж▓рж╛ржжрзЗрж╢ ржПрж░ ржЗржЙржЯрж┐ржЙржм ржЯрж╛ рждрзБржжрзЗрж░ ржЬржирзНржпржЗ ржирж╕рзНржЯ рж╣ржЪрзНржЫрзЗ рждрзБрж░рж╛ рж╢рж╛рж▓рж╛ рж▓рзБржЪрзНржЪрж╛ ржПржЬржирзНржпржЗ рждрж╛рж╣рж╕рж╛ржи ржнрж╛ржЗрзЯрж╛ ржкрзБржирзНржжрж╛ржЗрж╕рзЗ рждрзБржжрзЗрж░ рж╕ржм ржжрзЗрж░ ржЬржирзНржпржЗ ржПржХржЯрж╛ рждрж╛рж╣рж╕рж╛ржирзЗрж╢ржи ржЗ ржПржирж╛ржл,1,entertainment
ржирзЛрзЯрж╛ржЦрж╛ржЗрж▓рзНрж▓рж╛ ржЫрж╛ржЧрж▓ржЪрзБржирзНржирж┐ ржХрж┐ржнрж╛ржмрзЗ ржмрж┐ржЪрж╛рж░ржХ рж╣рзЯ,1,entertainment
ржХрзБржХрзНрждрж╛рж░ ржмрж╛ржЪрзНржЪрж╛ рж░рж╛ ржорж╛ржирзБрж╖ рждрж╛ рждрзЛ ржоржирзЗ рж╣рзЯ ржирж╛ ржорж╛ржирзБрж╖ ржХрзЗ ржмрж╛рж╣рж┐рж░ ржерзЗржХрзЗ ржжрзЗржЦрзЗ ржЕржкржорж╛ржи ржХрж░рж╛рж░ ржЕржзрж┐ржХрж╛рж░ ржХрзЗ ржжрж┐ржЪрзЗ рждрзЛржжрзЗрж░ ржХрзЗ ржПржЗ ржЦрж╛ржирзЗ ржПржд ржЧрзБрж▓рж┐ ржЫрзЗрж▓рзЗ ржЖржЗржЪрзЗ рждрзЛржжрзЗрж░ ржерж╛ржХрзЗ рж╣рж╛ржЬрж╛рж░ ржЧрзБржи ржнрж╛рж▓рзЗ ржорж╛ржирзБрж╖ржХрзЗ рж╕ржорзНржорж╛ржи ржХрж░рждрзЗ рж╢рж┐ржЦрзЛ рждрж╛рж╣рж▓рзЗ рж╕ржорзНржорж╛ржи ржкрж╛ржмрзЗ ржЫрж░рж┐ ржмрж╛ржЬрзЗ ржХржерж╛ ржмрж▓рж╛рж░ ржЬржирзНржп,1,entertainment
рждрзБржЗ ржпржжрж┐ рждрж░ ржирж┐ржЬрзЗрж░ ржорж╛ржХрзЗ ржирж╛ ржЪрзБржжржЫ рждрж╛рж╣рж▓рзЗ ржЖрж▓рзНрж▓рж╛рж╣рж░ ржХрж╛ржЫрзЗ ржжрж╛рзЯ ржерж╛ржХржмрж┐,1,entertainment
"ржмрж╛рж▓ ржмрж╛ржирж╛ржЗ ржЫрзЗ рж╕рж╛рж▓рж╛ ржиржХрж▓ ржмрж╛ржЬ, ржЕржирзЗржХ ржкрж┐ржЫржирзЗ рж░рзЯрзЗржЗ ржЧрзЗрж▓рж╛ред",1,entertainment
рж╕рж╛рж▓рзЗ ржХрзБрждрзНрждрж╛рж░ ржмрж╛ржЪрзНржЪрж╛ ржЖрж░ рж╢рзБрзЯрж░рзЗрж░ ржорзЗрзЯрзЗ ржЪрж╛рж░ржЯрж╛рж░ ржЧрж╛ржЬрж╛ржЦрзБрж░ ржЖржЪрж░ржгржжрзЗржЦрзЗ рж╕ржмржЧрзБрж▓рзЛржХрзЗ ржЯрзЯрж▓рзЗржЯ ржЯрж╛ржВржХрж┐рждрзЗ ржЪрзБржмрж╛рждрзЗ ржоржи ржЪрж╛ржЪрзНржЪрзЗ,1,entertainment
ржЦрж╛ржиржХрж┐рж░ ржкрзЛрж▓рж╛ ржЬрзЛрж░рзЗ ржжрзЗ ЁЯШЭЁЯШЭЁЯдгЁЯдгЁЯдг,1,entertainment
рждрзЛржжрзЗрж░ ржХрж┐ ржХрзЛржи ржХрж╛ржо ржирж╛ржЗ рж╕рж╛рж▓рж╛рж░ ржкрзБржд ржПржХржЯрж╛ ржорж╛ржЧрж┐ ржирж┐рзЯрзЗ рж╕рж╛ржоржирзЗ ржЖржЫржж,1,entertainment
ржЖржкржирж╛рж░рж╛ ржмрж╛рж▓рзЗрж░ ржмрж┐ржЪрж╛рж░ржХ рж╣ржЗржЫрзЗржи ржЖржорж┐ ржпржжрж┐ ржУржЗржЦрж╛ржирзЗ ржерж╛ржХрждрж╛ржо рждрзЛржжрзЗрж░ржХрзЗ ржЬрзБрждрж╛ржкрж┐ржЯрж╛ ржХрж░рждрж╛ржо ржЖрж░ ржУржЗ ржпрзЗ ржУрж░рзЗ ржЪрзБржжрзЗ ржжрж┐рждрж╛ржо,1,entertainment
ржПржЗ ржЦрж╛ржиржХрж┐рж░ ржмрж╛ржЪрзНржЫрж╛ржжрзЗрж░ ржмрж┐ржЪрж╛рж░ржХ ржмрж╛ржирж╛ржЗржЫрзЗ ржХрзЗ,1,entertainment
ржорзМрж╕рзБржорж┐ ржЖржкрзБ ржЖржЗ рж▓рж╛ржм ржЗржЙ ржорзМрж╕рзБржорж┐ ржЖржкрзБ ржЖрж░ рж░рж┐рждрзБ ржПржХржЯрж╛ ржорж╛ржЧрж┐,1,entertainment
ржжрзБржЗржЯрж╛ржЗ ржорж╛ржЧрзА,1,entertainment
ржнрж╛ржмржЫрж┐рж▓рж╛ржо ржЖржорж┐ржи ржЦрж╛ржи ржирж╛рзЯржХ<br />ржмрж╛ржВрж▓рж╛ржжрзЗрж╢ ржЖржмрж╛рж▓ ржжрж┐рзЯрж╛ ржмржЗрж░рж╛ ржЧрзЗржЫрзЗред<br />ржмрзБржЭрзЗ-ржирж╛ ржмрж╛рж▓ ржУ ржЖржорж┐ржи ржЦрж╛ржирж░рзЗ ржжрж┐ржЫрзЗ рж╕рж╛ржЗржб ржирж╛рзЯржХ ржЖржмрж╛рж▓ рж░рзЗ ржжрж┐ржЫрзЗ ржорзЗржЗржи ржирж╛рзЯржХ рждрзЛржЧрж░ ржЫржмрж┐ ржжрзЗржЦржмрзЛ ржмрж╛рж▓<br />ржЖржорж┐ржи ржнрж╛ржЗ ржПржЗ ржмрж╛рж▓ ржорж╛рж░рзНржХрж╛ ржЫржмрж┐ ржХрж┐рж╕рзЗрж░ ржЬржирзНржп ржХрж░рзЗ рждрж╛ржЗ рждрзЛ ржмрзБржЭрж┐ржирж╛ред<br />ржЯрж╛ржорж┐рж▓ ржП ржЫржмрж┐ ржмрж╛ржирж╛рзЯ рзмрзж ржмржЫрж░рзЗрж░ ржирж╛рзЯржХрж░рж╛ ржЖрж░ ржЖржорж┐ржи ржнрж╛ржЗрзЯрзЗрж░ рждрзЛ ржмрзЯрж╕ рзкрзн-рзкрзорждрж╛рж╣рж▓рзЗ рж╕рзЗ ржПржЗ ржмрж╛рж▓ ржорж╛рж░рзНржХрж╛ ржЫржмрж┐ ржХрзЗржирзЛ ржХрж░рзЗред,1,entertainment
ржПржЗ ржмрж╛рж▓ржбрж╛рж░рзЗ ржирж┐рзЯрж╛ ржирж┐ржЙржЬ ржирж╛ ржХрж░рж▓рзЗ рж╣рзЯржирж╛ ржмрж╛рж▓ ржПржХржЯрж╛ ЁЯШС,1,entertainment
"ржкрж░рж┐ржЪрж╛рж░ржХ ржЧрж╛ржиржЬрж╛ ржЦрж╛рзЯржЫрзЗ,ржорж╛ржирзНржирж╛ ржнрж╛ржЗ ржЖрж░ ржХржЗ ржЬрзЗрж╕ржорж┐ржи, рж╢рж╛рж▓рж╛ ржкрзБрж░рж╛ржЗ ржЧрж╛ржиржЬрж╛ ржЦрж╛рзЯржЫрзЗ,,ржПржЗ ржХрж╛рж░ржирзЗ ржмрж╛ржВрж▓рж╛ ржорж┐ржнрж┐ ржжрзЗржЦрж┐ ржирж╛",1,entertainment
ржмрж┐ржЪрж╛рж░ржХ ржжрзБржЗржЯрж╛ржХрзЗ ржЬрзБрждрж╛ ржжрж┐рзЯрж╛ ржкрж┐ржбрж╛ржЗрж▓рзЗ ржЬрзБрждрж╛рж░ ржЕржкржорж╛ржи рж╣ржмрзЗред ржЖрж░ ржПржХржЯрж┐ ржЦрж╛ржиржХрж┐ ржорж╛ржЧрж┐ ржЖржЫрзЗ ржХрж╛рж╖рзНржЯржорж╛рж░ ржмрж╛рж░рж╛ржирзЛрж░ ржЬржирзНржп ржжрзЗржЦрж╛рзЯред,1,entertainment
ржмрж╛ржиржЪрзЛржж рж╢рж╛рж▓рж╛ ржЬрж╛ржЬржорзЗржи,1,entertainment
рж╕рзЗрж╛ржирж╛рж░ ржмрж┐ржЪрж╛рж░ржХ ржЖржорж┐ ржмрж┐ржЪрж╛рж░ржХ ржжрзЗрж░ ржЪрзБржжрж┐,1,entertainment
ржжрзЛрж░рзБ ржмрзНржпрж╛рж╢рзНржпрж╛ ржорж╛ржЧрзА рждрж░рзЗ ржШрзЛрж░рж╛ ржжрзЗржпрж╝рж╛ ржЪрзБржжрж╛рж░ ржжрж░ржХрж╛рж░,1,entertainment
